City_ID,City,Country,Date,Lat,Lng,Max Temp,Humidity,Cloudiness,Wind Speed
0,Laguna,US,2022-06-19 18:17:47,38.421,-121.4238,80.29,39,0,8.05
1,Atambua,ID,2022-06-19 18:17:47,-9.1061,124.8925,69.35,84,86,6.04
2,Sokoni,TZ,2022-06-19 18:17:47,-6.4333,39.55,78.08,71,48,17.09
3,Savonlinna,FI,2022-06-19 18:17:48,61.8699,28.88,51.85,82,75,10.36
4,Ribeira Grande,PT,2022-06-19 18:17:48,38.5167,-28.7,68.4,60,20,18.41
5,Airai,TL,2022-06-19 18:17:48,-8.9266,125.4092,55.76,71,95,2.98
6,Great Falls,US,2022-06-19 18:14:47,47.5002,-111.3008,61.25,55,100,3.44
7,Avarua,CK,2022-06-19 18:17:49,-21.2078,-159.775,75.25,73,40,10.36
8,Arraial Do Cabo,BR,2022-06-19 18:17:49,-22.9661,-42.0278,71.46,68,75,4.61
9,Kuytun,RU,2022-06-19 18:17:49,54.3419,101.5036,53.19,94,30,2.17
10,Hermanus,ZA,2022-06-19 18:17:50,-34.4187,19.2345,46.8,76,17,9.26
11,Castro,BR,2022-06-19 18:17:50,-24.7911,-50.0119,63.25,58,34,4.52
12,Maryville,US,2022-06-19 18:14:38,35.7565,-83.9705,84.56,32,0,15.01
13,Bafata,GW,2022-06-19 18:17:50,12.1667,-14.75,75.49,86,100,5.23
14,Vaini,TO,2022-06-19 18:17:51,-21.2,-175.2,73.56,100,100,2.3
15,Kahului,US,2022-06-19 18:17:51,20.8947,-156.47,80.62,64,0,11.99
16,Vardo,NO,2022-06-19 18:17:51,70.3705,31.1107,42.78,87,75,11.5
17,Bambous Virieux,MU,2022-06-19 18:17:52,-20.3428,57.7575,71.85,68,40,6.91
18,Mana,GF,2022-06-19 18:17:52,5.6592,-53.7767,81.5,76,100,7.96
19,Albany,US,2022-06-19 18:15:59,42.6001,-73.9662,71.46,37,2,3.0
20,Mahebourg,MU,2022-06-19 18:17:52,-20.4081,57.7,71.89,68,40,6.91
21,Pultusk,PL,2022-06-19 18:17:53,52.7025,21.0828,84.29,59,30,16.37
22,Tomatlan,MX,2022-06-19 18:17:53,19.9333,-105.25,90.7,47,100,6.17
23,Mechetinskaya,RU,2022-06-19 18:17:53,46.7713,40.456,73.74,41,54,6.06
24,Itarema,BR,2022-06-19 18:17:54,-2.9248,-39.9167,83.8,68,87,14.43
25,Saskylakh,RU,2022-06-19 18:17:54,71.9167,114.0833,36.16,65,11,6.44
26,Ushuaia,AR,2022-06-19 18:16:54,-54.8,-68.3,29.86,93,100,3.44
27,Sao Gabriel Da Cachoeira,BR,2022-06-19 18:17:54,-0.1303,-67.0892,85.8,74,40,6.91
28,Puerto Ayora,EC,2022-06-19 18:17:55,-0.7393,-90.3518,76.96,92,60,5.01
29,Qaanaaq,GL,2022-06-19 18:17:55,77.484,-69.3632,36.23,80,59,3.49
30,Atuona,PF,2022-06-19 18:17:55,-9.8,-139.0333,77.5,77,71,15.05
31,Mataura,NZ,2022-06-19 18:17:55,-46.1927,168.8643,41.49,97,100,0.49
32,Pochutla,MX,2022-06-19 18:17:56,15.7432,-96.4661,84.81,64,100,6.06
33,Murmashi,RU,2022-06-19 18:17:56,68.8154,32.8115,45.01,87,75,4.47
34,Kuleshovka,RU,2022-06-19 18:17:57,47.078,39.5579,75.94,45,6,8.46
35,Busselton,AU,2022-06-19 18:17:57,-33.65,115.3333,59.43,72,97,2.93
36,Wairoa,NZ,2022-06-19 18:17:57,-39.0333,177.3667,50.56,86,100,14.0
37,Dong Hoi,VN,2022-06-19 18:17:58,17.4833,106.6,86.5,62,100,10.87
38,Bandarbeyla,SO,2022-06-19 18:17:58,9.4942,50.8122,77.36,79,66,31.83
39,Bengkulu,ID,2022-06-19 18:17:58,-3.8004,102.2655,74.75,91,100,4.29
40,Yellowknife,CA,2022-06-19 18:14:40,62.456,-114.3525,67.32,30,34,12.53
41,Teeli,RU,2022-06-19 18:17:59,51.0333,90.2333,53.42,81,41,3.09
42,Talnakh,RU,2022-06-19 18:17:59,69.4865,88.3972,56.79,45,92,1.95
43,Guarapari,BR,2022-06-19 18:17:59,-20.6667,-40.4975,71.89,85,84,11.07
44,Georgetown,MY,2022-06-19 18:18:00,5.4112,100.3354,81.95,96,40,4.61
45,Sao Domingos,BR,2022-06-19 18:18:00,-13.3983,-46.3183,90.21,16,49,7.92
46,Hobart,AU,2022-06-19 18:18:00,-42.8794,147.3294,52.27,84,75,8.05
47,Barrow,US,2022-06-19 18:18:16,71.2906,-156.7887,35.62,87,100,13.8
48,Poplar Bluff,US,2022-06-19 18:19:01,36.757,-90.3929,87.58,32,0,8.05
49,Hilo,US,2022-06-19 18:16:48,19.7297,-155.09,85.28,73,100,3.44
50,Butaritari,KI,2022-06-19 18:19:01,3.0707,172.7902,80.29,79,23,10.51
51,Verkhnetulomskiy,RU,2022-06-19 18:19:02,68.6073,31.7962,44.73,85,100,4.68
52,Tanout,NE,2022-06-19 18:19:02,14.9709,8.8879,97.09,16,45,6.35
53,Rikitea,PF,2022-06-19 18:19:02,-23.1203,-134.9692,72.97,68,79,14.94
54,Tuktoyaktuk,CA,2022-06-19 18:19:03,69.4541,-133.0374,37.4,87,75,14.97
55,Glens Falls,US,2022-06-19 18:14:37,43.3095,-73.644,72.16,36,0,16.11
56,Roald,NO,2022-06-19 18:19:03,62.5833,6.1333,63.16,71,0,14.97
57,Saint-Philippe,RE,2022-06-19 18:19:04,-21.3585,55.7679,71.19,74,29,11.01
58,Saldanha,ZA,2022-06-19 18:19:04,-33.0117,17.9442,57.15,72,63,17.56
59,Mandalgovi,MN,2022-06-19 18:19:05,45.7625,106.2708,52.23,67,0,16.69
60,Salihorsk,BY,2022-06-19 18:19:05,52.7876,27.5415,70.93,80,16,11.54
61,Bykov,RU,2022-06-19 18:19:06,47.3167,142.55,48.99,99,100,4.25
62,Salalah,OM,2022-06-19 18:15:59,17.0151,54.0924,86.09,84,75,6.91
63,Punta Arenas,CL,2022-06-19 18:15:47,-53.15,-70.9167,41.11,75,20,17.27
64,Maues,BR,2022-06-19 18:19:06,-3.3836,-57.7186,90.55,46,60,4.29
65,New Norfolk,AU,2022-06-19 18:19:07,-42.7826,147.0587,51.93,82,100,1.01
66,Kalmar,SE,2022-06-19 18:19:07,56.6616,16.3616,60.15,84,96,5.77
67,Saint Anthony,US,2022-06-19 18:19:08,45.0205,-93.218,90.05,51,20,17.27
68,Damietta,EG,2022-06-19 18:19:08,31.4165,31.8133,75.88,65,0,10.71
69,Nanortalik,GL,2022-06-19 18:19:08,60.1432,-45.2371,41.88,96,100,12.57
70,Tasiilaq,GL,2022-06-19 18:19:09,65.6145,-37.6368,50.16,74,37,5.79
71,Arona,ES,2022-06-19 18:19:09,28.0996,-16.681,73.98,71,20,24.16
72,Chokurdakh,RU,2022-06-19 18:19:09,70.6333,147.9167,45.5,70,100,12.26
73,Hithadhoo,MV,2022-06-19 18:19:10,-0.6,73.0833,83.14,67,95,4.03
74,Ornskoldsvik,SE,2022-06-19 18:19:10,63.2909,18.7153,55.63,81,99,7.74
75,Astana,KZ,2022-06-19 18:17:17,51.1801,71.446,62.55,67,40,6.71
76,Bredasdorp,ZA,2022-06-19 18:19:11,-34.5322,20.0403,51.55,81,62,3.89
77,Edgewater,US,2022-06-19 18:19:11,28.9889,-80.9023,92.19,66,40,13.8
78,Krasnoselkup,RU,2022-06-19 18:19:11,65.7,82.4667,60.28,45,43,8.79
79,Nikolskoye,RU,2022-06-19 18:19:12,59.7035,30.7861,58.91,53,74,10.65
80,Rapar,IN,2022-06-19 18:19:12,23.5667,70.6333,88.48,62,65,19.22
81,Cabo San Lucas,MX,2022-06-19 18:17:45,22.8909,-109.9124,91.62,63,0,18.41
82,Kapaa,US,2022-06-19 18:19:13,22.0752,-159.319,80.11,80,75,14.97
83,Opotiki,NZ,2022-06-19 18:19:13,-38.0833,177.2833,50.92,77,100,11.86
84,Marfino,RU,2022-06-19 18:19:13,55.7028,37.3822,70.05,51,0,22.37
85,Natchez,US,2022-06-19 18:19:14,31.5604,-91.4032,93.25,48,0,11.5
86,Mercedes,AR,2022-06-19 18:19:14,-34.6515,-59.4307,64.85,35,91,11.88
87,Mount Gambier,AU,2022-06-19 18:14:33,-37.8333,140.7667,53.33,62,86,15.03
88,Broome,US,2022-06-19 18:19:15,42.2506,-75.833,66.02,51,20,14.97
89,Portobelo,PA,2022-06-19 18:19:15,9.55,-79.65,82.96,78,77,8.01
90,Huarmey,PE,2022-06-19 18:14:38,-10.0681,-78.1522,69.87,66,22,13.58
91,Farafangana,MG,2022-06-19 18:19:15,-22.8167,47.8333,67.24,81,54,5.66
92,Leh,IN,2022-06-19 18:19:16,34.1667,77.5833,49.69,61,62,7.83
93,Nampula,MZ,2022-06-19 18:19:16,-15.1165,39.2666,64.99,67,32,3.78
94,Buraydah,SA,2022-06-19 18:20:17,26.326,43.975,99.05,5,3,10.04
95,Cidreira,BR,2022-06-19 18:20:17,-30.1811,-50.2056,60.06,63,25,10.58
96,Carnarvon,AU,2022-06-19 18:20:17,-24.8667,113.6333,66.72,69,0,13.96
97,Beringovskiy,RU,2022-06-19 18:20:18,63.05,179.3167,44.2,92,100,11.48
98,Butler,US,2022-06-19 18:20:19,39.4501,-84.5666,77.36,36,0,6.91
99,Kyshtovka,RU,2022-06-19 18:20:19,56.555,76.6271,60.49,88,3,1.54
100,Lagoa,PT,2022-06-19 18:20:19,39.05,-27.9833,63.14,74,74,20.27
101,Thompson,CA,2022-06-19 18:16:27,55.7435,-97.8558,75.36,53,40,3.44
102,Lima,PE,2022-06-19 18:16:44,-12.0432,-77.0282,64.38,71,40,9.22
103,Rafai,CF,2022-06-19 18:20:20,4.95,23.9167,66.99,92,90,1.79
104,Vila Velha,BR,2022-06-19 18:20:21,-20.3297,-40.2925,73.35,85,75,12.66
105,Ponta Do Sol,PT,2022-06-19 18:20:21,32.6667,-17.1,72.72,71,94,9.42
106,Mitchell,US,2022-06-19 18:20:21,43.7094,-98.0298,94.1,49,0,17.27
107,Ngunguru,NZ,2022-06-19 18:20:22,-35.6167,174.5,57.43,79,100,26.78
108,Beidao,CN,2022-06-19 18:20:22,34.5686,105.8933,69.01,72,35,2.46
109,Kruisfontein,ZA,2022-06-19 18:20:22,-34.0033,24.7314,48.88,85,42,5.99
110,Pangnirtung,CA,2022-06-19 18:20:23,66.1451,-65.7125,46.4,71,20,20.71
111,Sinjar,IQ,2022-06-19 18:20:23,36.3209,41.8754,96.31,13,0,10.69
112,Khatanga,RU,2022-06-19 18:20:24,71.9667,102.5,44.82,57,6,5.41
113,Montepuez,MZ,2022-06-19 18:20:25,-13.1256,38.9997,64.11,58,1,4.25
114,Burnie,AU,2022-06-19 18:20:25,-41.0667,145.9167,54.64,88,100,16.78
115,Nishihara,JP,2022-06-19 18:20:25,26.1842,127.7558,79.68,94,93,10.36
116,La Rioja,ES,2022-06-19 18:20:26,42.25,-2.5,76.78,33,26,7.47
117,Masvingo,ZW,2022-06-19 18:20:26,-20.0637,30.8277,61.72,43,0,6.38
118,Turka,UA,2022-06-19 18:20:26,49.1541,23.0297,66.15,68,0,6.2
119,East London,ZA,2022-06-19 18:20:16,-33.0153,27.9116,58.14,77,0,9.22
120,Pevek,RU,2022-06-19 18:20:27,69.7008,170.3133,40.32,80,61,8.46
121,Caravelas,BR,2022-06-19 18:20:27,-17.7125,-39.2481,77.74,62,6,6.82
122,Chokwe,MZ,2022-06-19 18:20:28,-24.5333,32.9833,67.08,61,0,6.49
123,Jamame,SO,2022-06-19 18:20:28,0.0722,42.7506,76.48,81,76,9.78
124,Hamilton,US,2022-06-19 18:19:24,39.1834,-84.5333,77.99,36,0,6.91
125,Qaqortoq,GL,2022-06-19 18:20:29,60.7167,-46.0333,40.68,98,100,8.79
126,Bara,NG,2022-06-19 18:20:29,10.3744,10.7288,89.51,38,36,7.52
127,Noumea,NC,2022-06-19 18:20:29,-22.2763,166.4572,71.01,99,73,10.51
128,Bilma,NE,2022-06-19 18:20:30,18.6853,12.9164,96.64,8,0,8.9
129,Sabang,ID,2022-06-19 18:20:30,5.8933,95.3214,82.99,74,94,3.0
130,El Sauzal,MX,2022-06-19 18:20:30,31.9,-116.6833,71.42,70,0,9.37
131,Esperance,AU,2022-06-19 18:20:31,-33.8667,121.9,49.84,78,93,9.93
132,Witu,KE,2022-06-19 18:20:31,-2.3889,40.4382,78.96,79,71,13.13
133,Sambava,MG,2022-06-19 18:20:32,-14.2667,50.1667,72.12,86,22,11.12
134,Torbay,CA,2022-06-19 18:21:32,47.6666,-52.7314,70.57,78,75,21.85
135,Borovsk,RU,2022-06-19 18:21:32,55.2064,36.4861,66.4,60,97,14.76
136,Natal,BR,2022-06-19 18:18:37,-5.795,-35.2094,86.22,66,40,16.11
137,Ambovombe,MG,2022-06-19 18:21:32,-25.1667,46.0833,66.15,77,31,16.67
138,Bastos,BR,2022-06-19 18:21:33,-21.9219,-50.7339,76.24,41,12,4.05
139,Coihaique,CL,2022-06-19 18:21:00,-45.5752,-72.0662,42.75,52,0,3.44
140,Rincon,US,2022-06-19 18:18:46,32.296,-81.2354,88.86,49,40,9.22
141,Prachin Buri,TH,2022-06-19 18:21:33,14.0833,101.6667,78.46,85,86,1.01
142,Mar Del Plata,AR,2022-06-19 18:20:33,-38.0023,-57.5575,55.09,62,75,14.97
143,Werda,BW,2022-06-19 18:21:34,-25.2667,23.2833,64.4,29,0,10.22
144,Tilichiki,RU,2022-06-19 18:21:34,60.4667,166.1,43.03,95,100,2.75
145,Yuci,CN,2022-06-19 18:21:34,37.6803,112.7319,74.95,64,0,6.71
146,Lesnikovo,RU,2022-06-19 18:21:35,55.2822,65.3175,61.47,94,66,1.81
147,Kataysk,RU,2022-06-19 18:21:35,56.289,62.5841,62.8,71,53,5.03
148,Beira,MZ,2022-06-19 18:21:35,-19.8436,34.8389,68.09,83,0,6.91
149,Nokaneng,BW,2022-06-19 18:21:36,-19.6667,22.2667,65.82,29,0,7.65
150,Antalaha,MG,2022-06-19 18:21:36,-14.9003,50.2788,69.82,90,39,7.31
151,Aripuana,BR,2022-06-19 18:21:36,-9.1667,-60.6333,92.3,34,80,3.62
152,Itaqui,BR,2022-06-19 18:21:36,-29.1253,-56.5531,59.31,54,0,4.68
153,Vidim,RU,2022-06-19 18:21:37,56.4088,103.1106,55.56,84,92,2.68
154,Kavaratti,IN,2022-06-19 18:21:37,10.5669,72.642,82.31,79,70,14.5
155,Kiama,AU,2022-06-19 18:21:38,-34.6833,150.8667,57.0,94,100,3.0
156,Berlevag,NO,2022-06-19 18:21:38,70.8578,29.0864,42.8,87,100,6.91
157,Biloela,AU,2022-06-19 18:21:38,-24.4167,150.5,54.03,92,56,7.07
158,Cap Malheureux,MU,2022-06-19 18:21:39,-19.9842,57.6142,68.47,69,10,3.0
159,Maba,CN,2022-06-19 18:21:39,24.6841,113.5984,75.25,97,100,1.99
160,Lorengau,PG,2022-06-19 18:21:39,-2.0226,147.2712,80.1,72,2,2.71
161,Necochea,AR,2022-06-19 18:19:05,-38.5473,-58.7368,48.74,63,95,18.34
162,Salym,RU,2022-06-19 18:21:40,60.0625,71.4789,65.86,64,74,4.43
163,Aklavik,CA,2022-06-19 18:21:40,68.2191,-135.0107,48.2,66,40,14.97
164,Lagos,NG,2022-06-19 18:21:40,6.5833,3.75,80.92,89,76,5.91
165,Fairbanks,US,2022-06-19 18:16:53,64.8378,-147.7164,63.09,76,100,4.61
166,Pangody,RU,2022-06-19 18:21:41,65.85,74.4859,66.49,53,93,13.29
167,Hay River,CA,2022-06-19 18:21:41,60.8156,-115.7999,60.76,63,40,6.91
168,Tiksi,RU,2022-06-19 18:21:41,71.6872,128.8694,34.34,87,100,20.54
169,Longyearbyen,SJ,2022-06-19 18:21:42,78.2186,15.6401,40.84,81,75,9.22
170,Asau,RO,2022-06-19 18:21:42,46.4333,26.4,68.92,68,4,1.66
171,Kununurra,AU,2022-06-19 18:18:33,-15.7667,128.7333,58.98,82,99,3.44
172,Leningradskiy,RU,2022-06-19 18:21:42,69.3833,178.4167,48.04,74,96,4.09
173,Derzhavinsk,KZ,2022-06-19 18:21:43,51.1,66.3167,70.9,50,77,3.85
174,Simpang Empat,MY,2022-06-19 18:21:43,4.95,100.6333,76.14,94,95,2.55
175,Alofi,NU,2022-06-19 18:21:43,-19.0595,-169.9187,75.09,94,59,4.61
176,Arrifes,PT,2022-06-19 18:21:44,37.7667,-25.7,64.65,72,40,18.41
177,Anito,PH,2022-06-19 18:21:44,12.4497,125.2886,78.67,87,47,3.31
178,Port Elizabeth,ZA,2022-06-19 18:21:44,-33.918,25.5701,56.32,85,0,5.75
179,Cururupu,BR,2022-06-19 18:21:44,-1.8283,-44.8683,80.65,85,92,6.24
180,Waipawa,NZ,2022-06-19 18:21:45,-41.4122,175.5153,45.34,76,99,20.02
181,Port Alfred,ZA,2022-06-19 18:21:45,-33.5906,26.891,59.07,69,57,10.16
182,Teguise,ES,2022-06-19 18:22:45,29.0605,-13.564,71.82,69,75,21.85
183,Bethel,US,2022-06-19 18:22:46,41.3712,-73.414,72.16,40,0,13.8
184,Savannah Bight,HN,2022-06-19 18:22:46,16.45,-85.85,81.05,82,100,21.61
185,Gigmoto,PH,2022-06-19 18:22:46,13.7796,124.39,81.14,83,58,3.2
186,Jamestown,US,2022-06-19 18:22:47,42.097,-79.2353,64.06,39,0,12.66
187,Kampot,KH,2022-06-19 18:22:47,10.6167,104.1833,80.65,87,99,7.16
188,Asha,RU,2022-06-19 18:22:47,54.9973,57.2722,55.9,97,64,2.68
189,Namatanai,PG,2022-06-19 18:22:47,-3.6667,152.4333,78.01,80,21,3.09
190,Mezhdurechensk,RU,2022-06-19 18:20:01,53.6942,88.0603,55.71,97,97,4.94
191,Presidencia Roque Saenz Pena,AR,2022-06-19 18:22:48,-26.7852,-60.4388,67.84,28,0,5.79
192,Bluff,NZ,2022-06-19 18:22:48,-46.6,168.3333,41.81,82,100,3.94
193,Mount Pleasant,US,2022-06-19 18:22:01,32.7941,-79.8626,87.01,46,0,12.66
194,Okakarara,NA,2022-06-19 18:22:48,-20.5833,17.4333,61.63,34,4,9.19
195,Adrar,MR,2022-06-19 18:22:49,20.5022,-10.0711,91.99,36,68,12.68
196,Constitucion,CL,2022-06-19 18:22:49,-35.3333,-72.4167,56.01,55,100,4.61
197,Evensk,RU,2022-06-19 18:22:49,61.95,159.2333,44.55,86,100,1.28
198,Moree,AU,2022-06-19 18:22:50,-29.4667,149.85,53.29,74,100,6.73
199,Geraldton,AU,2022-06-19 18:22:50,-28.7667,114.6,52.21,93,38,8.05
200,Ihosy,MG,2022-06-19 18:22:50,-22.4,46.1167,57.52,90,0,10.29
201,Mendi,PG,2022-06-19 18:22:51,-6.1761,143.6513,52.47,96,49,3.24
202,Toowoomba,AU,2022-06-19 18:22:51,-27.55,151.9667,46.38,91,87,1.7
203,Kirkland Lake,CA,2022-06-19 18:22:51,48.1446,-80.0377,64.69,27,70,6.11
204,Alyangula,AU,2022-06-19 18:22:52,-13.8483,136.4192,72.99,91,26,9.01
205,Aykhal,RU,2022-06-19 18:22:52,66.0,111.5,40.69,70,8,14.05
206,Shenjiamen,CN,2022-06-19 18:22:52,29.9576,122.298,72.54,98,100,6.62
207,Fare,PF,2022-06-19 18:22:53,-16.7,-151.0167,79.38,73,64,22.95
208,Tuatapere,NZ,2022-06-19 18:22:53,-46.1333,167.6833,44.58,91,100,3.09
209,Hambantota,LK,2022-06-19 18:22:53,6.1241,81.1185,80.29,81,55,14.94
210,Djenne,ML,2022-06-19 18:22:53,13.9061,-4.5533,94.84,31,32,5.44
211,Yar-Sale,RU,2022-06-19 18:22:54,66.8333,70.8333,64.69,73,85,4.09
212,Mata,PT,2022-06-19 18:22:54,40.683,-7.4592,68.94,67,88,9.17
213,Jackson,US,2022-06-19 18:22:54,42.4165,-122.8345,64.92,59,40,7.0
214,Ivanteyevka,RU,2022-06-19 18:22:55,55.9711,37.9208,71.26,54,100,15.93
215,Chuy,UY,2022-06-19 18:22:55,-33.6971,-53.4616,58.73,39,32,9.66
216,Pasni,PK,2022-06-19 18:22:55,25.2631,63.471,82.27,90,9,18.75
217,Sovetskiy,RU,2022-06-19 18:22:56,61.3614,63.5842,60.69,76,55,0.96
218,Silleda,ES,2022-06-19 18:22:56,42.696,-8.2465,53.94,77,100,4.23
219,Thinadhoo,MV,2022-06-19 18:22:56,0.5333,72.9333,83.77,69,99,7.72
220,Victoria,HK,2022-06-19 18:21:06,22.2855,114.1577,85.32,87,100,13.0
221,Saint-Louis,SN,2022-06-19 18:22:57,16.3333,-15.0,89.06,46,100,8.79
222,Dikson,RU,2022-06-19 18:22:57,73.5069,80.5464,38.01,82,100,12.24
223,Ughelli,NG,2022-06-19 18:22:57,5.4899,6.0074,75.4,94,100,2.59
224,San Patricio,US,2022-06-19 18:22:58,28.017,-97.5169,95.72,37,91,13.91
225,Alto Araguaia,BR,2022-06-19 18:22:58,-17.3147,-53.2153,83.62,41,0,6.46
226,Umm Kaddadah,SD,2022-06-19 18:22:58,13.6017,26.6876,95.36,14,82,6.96
227,Aksarka,RU,2022-06-19 18:22:59,66.5606,67.7975,60.1,90,94,3.02
228,Chaman,PK,2022-06-19 18:22:59,30.9236,66.4512,78.8,11,0,5.53
229,Srednekolymsk,RU,2022-06-19 18:22:59,67.45,153.6833,58.82,49,96,13.22
230,Ahuimanu,US,2022-06-19 18:24:00,21.4447,-157.8378,80.37,66,40,11.5
231,Cape Town,ZA,2022-06-19 18:20:55,-33.9258,18.4232,57.11,76,0,11.5
232,Vila Do Maio,CV,2022-06-19 18:24:00,15.1333,-23.2167,77.79,89,94,5.32
233,Ibipeba,BR,2022-06-19 18:24:00,-11.6408,-42.0111,88.14,18,7,10.65
234,Pacific Grove,US,2022-06-19 18:24:01,36.6177,-121.9166,73.35,71,0,8.05
235,Bardiyah,LY,2022-06-19 18:24:01,31.7561,25.0865,75.0,66,0,11.07
236,Comodoro Rivadavia,AR,2022-06-19 18:24:01,-45.8667,-67.5,40.86,60,0,13.8
237,Houma,US,2022-06-19 18:24:02,29.5958,-90.7195,95.0,69,0,9.22
238,Oriximina,BR,2022-06-19 18:19:21,-1.7656,-55.8661,88.34,52,72,8.34
239,Usinsk,RU,2022-06-19 18:24:02,65.9939,57.5281,58.68,68,99,7.81
240,Pingliang,CN,2022-06-19 18:24:03,35.5392,106.6861,66.74,74,70,1.7
241,Lavrentiya,RU,2022-06-19 18:24:03,65.5833,-171.0,51.4,51,15,3.09
242,Akdepe,TM,2022-06-19 18:24:04,42.0551,59.3788,78.89,25,27,5.61
243,Sinnamary,GF,2022-06-19 18:24:04,5.3833,-52.95,78.24,84,100,4.09
244,Waingapu,ID,2022-06-19 18:24:05,-9.6567,120.2641,76.15,83,100,8.08
245,Nova Olinda Do Norte,BR,2022-06-19 18:24:05,-3.8881,-59.0942,91.69,44,20,4.29
246,Victor Harbor,AU,2022-06-19 18:24:06,-35.5667,138.6167,55.69,67,63,17.98
247,Acarau,BR,2022-06-19 18:24:06,-2.8856,-40.12,84.56,66,77,13.85
248,Saint-Francois,FR,2022-06-19 18:24:06,46.4154,3.9054,90.84,25,0,13.8
249,Keti Bandar,PK,2022-06-19 18:24:07,24.1447,67.4497,83.88,81,6,18.95
250,Loiza,PR,2022-06-19 18:24:07,18.4313,-65.8802,91.81,65,40,19.57
251,Vanderhoof,CA,2022-06-19 18:20:10,54.0166,-124.0198,62.89,52,51,9.15
252,Orel,RU,2022-06-19 18:24:08,52.9658,36.0803,66.92,83,81,13.06
253,Jingdezhen,CN,2022-06-19 18:24:08,29.2947,117.2079,73.62,99,100,4.72
254,Ilulissat,GL,2022-06-19 18:24:09,69.2167,-51.1,42.82,65,0,8.05
255,Kaitangata,NZ,2022-06-19 18:24:13,-46.2817,169.8464,43.72,88,100,2.8
256,Meulaboh,ID,2022-06-19 18:24:14,4.1363,96.1285,77.61,85,99,3.04
257,Matay,EG,2022-06-19 18:24:14,28.419,30.7792,88.9,16,4,10.6
258,Cassilandia,BR,2022-06-19 18:24:14,-19.1133,-51.7342,82.11,48,1,3.65
259,Luanda,AO,2022-06-19 18:20:05,-8.8368,13.2343,73.4,68,20,8.05
260,Hvolsvollur,IS,2022-06-19 18:24:15,63.7533,-20.2243,50.67,97,100,10.0
261,Mantua,IT,2022-06-19 18:24:15,45.1667,10.7833,89.35,49,1,3.0
262,Margate,GB,2022-06-19 18:24:16,51.3813,1.3862,58.87,75,77,5.01
263,Kurilsk,RU,2022-06-19 18:24:16,45.2333,147.8833,51.55,96,100,5.73
264,Mastic Beach,US,2022-06-19 18:24:17,40.7668,-72.8521,72.99,39,0,18.41
265,Halifax,CA,2022-06-19 18:22:23,44.6453,-63.5724,65.52,75,2,10.0
266,Tual,ID,2022-06-19 18:24:17,-5.6667,132.75,76.51,89,100,2.89
267,Vostok,RU,2022-06-19 18:24:18,46.4856,135.8833,49.91,97,56,3.42
268,Pozo Colorado,PY,2022-06-19 18:24:18,-23.4923,-58.7972,63.18,44,83,4.47
269,Villa Carlos Paz,AR,2022-06-19 18:19:27,-31.4241,-64.4978,67.28,16,68,11.01
270,Inuvik,CA,2022-06-19 18:19:24,68.3499,-133.7218,49.06,71,75,12.66
271,Tessalit,ML,2022-06-19 18:24:19,20.1986,1.0114,97.57,19,94,2.55
272,Madang,PG,2022-06-19 18:25:19,-5.2246,145.7966,75.0,91,18,3.42
273,Ossora,RU,2022-06-19 18:25:20,59.2353,163.0719,47.73,85,97,3.8
274,Voznesenye,RU,2022-06-19 18:25:20,61.0106,35.4781,55.13,81,8,13.04
275,Palana,RU,2022-06-19 18:25:20,59.1167,159.9667,40.8,97,100,8.57
276,Kavieng,PG,2022-06-19 18:25:21,-2.5744,150.7967,80.62,78,37,6.2
277,Atlantic City,US,2022-06-19 18:25:21,39.3643,-74.4229,73.18,38,0,17.34
278,Svetlyy,RU,2022-06-19 18:25:21,54.675,20.1347,60.85,94,85,11.97
279,Upernavik,GL,2022-06-19 18:25:22,72.7868,-56.1549,34.57,90,33,12.75
280,Russell,US,2022-06-19 18:25:22,32.3502,-85.1999,92.12,37,20,10.36
281,George,ZA,2022-06-19 18:25:22,-33.963,22.4617,49.55,93,40,2.3
282,Guerrero Negro,MX,2022-06-19 18:25:23,27.9769,-114.0611,73.45,50,2,15.32
283,Polignano A Mare,IT,2022-06-19 18:25:23,40.9959,17.2159,79.11,64,0,2.64
284,Lebu,CL,2022-06-19 18:25:23,-37.6167,-73.65,54.61,75,100,10.51
285,San Rafael,AR,2022-06-19 18:25:24,-34.6177,-68.3301,57.97,21,83,10.13
286,Pulandian,CN,2022-06-19 18:25:24,39.3953,121.9669,67.82,96,65,9.35
287,Saint Paul,US,2022-06-19 18:25:25,44.9444,-93.0933,90.84,50,0,16.11
288,Armilla,ES,2022-06-19 18:25:25,37.141,-3.6185,86.14,33,0,10.36
289,Alamogordo,US,2022-06-19 18:25:26,32.8995,-105.9603,90.21,34,0,9.22
290,Prabumulih,ID,2022-06-19 18:25:26,-3.45,104.25,72.59,99,95,2.08
291,Nantucket,US,2022-06-19 18:25:26,41.2835,-70.0995,60.91,74,100,16.11
292,Madimba,TZ,2022-06-19 18:25:27,-10.4,40.3333,70.92,88,20,11.5
293,Klaksvik,FO,2022-06-19 18:25:27,62.2266,-6.589,50.92,85,63,9.37
294,Oranjemund,NA,2022-06-19 18:25:28,-28.55,16.4333,56.08,71,69,24.7
295,Vaitape,PF,2022-06-19 18:25:28,-16.5167,-151.75,79.5,75,16,23.29
296,Pisco,PE,2022-06-19 18:24:55,-13.7,-76.2167,64.02,77,20,10.36
297,Lata,PT,2022-06-19 18:25:28,40.1629,-8.3327,62.82,60,83,11.1
298,Gimli,CA,2022-06-19 18:22:03,50.6336,-96.9907,77.02,73,38,13.8
299,Emerald,AU,2022-06-19 18:25:29,-23.5333,148.1667,48.34,76,83,5.73
300,Coquimbo,CL,2022-06-19 18:25:29,-29.9533,-71.3436,58.73,62,0,12.66
301,Namibe,AO,2022-06-19 18:25:30,-15.1961,12.1522,62.65,83,8,9.13
302,Marshall,US,2022-06-19 18:25:30,34.3834,-86.3333,89.08,38,0,6.91
303,Nuuk,GL,2022-06-19 18:23:23,64.1835,-51.7216,45.21,93,75,2.3
304,Shcheglovo,RU,2022-06-19 18:25:30,60.0284,30.7529,58.59,62,29,12.08
305,Komsomolskiy,UZ,2022-06-19 18:25:31,40.4272,71.7189,81.32,24,88,6.91
306,Makasar,ID,2022-06-19 18:25:31,-5.14,119.4221,73.45,100,20,2.3
307,Waimana,NZ,2022-06-19 18:25:31,-38.15,177.0833,47.17,79,100,10.36
308,Chapais,CA,2022-06-19 18:25:32,49.7834,-74.8492,62.38,28,0,11.34
309,Seddon,AU,2022-06-19 18:25:32,-37.8068,144.8916,54.99,79,0,13.8
310,Cuamba,MZ,2022-06-19 18:25:32,-14.8031,36.5372,61.61,65,0,3.78
311,Novopokrovka,UA,2022-06-19 18:25:32,49.8425,36.5477,65.84,70,35,4.68
312,Olinda,BR,2022-06-19 18:23:12,-8.0089,-34.8553,82.13,69,40,8.05
313,Skjervoy,NO,2022-06-19 18:25:33,70.0311,20.9714,50.0,90,80,6.62
314,El Alto,PE,2022-06-19 18:25:33,-4.2714,-81.2147,73.06,62,63,17.54
315,Cherskiy,RU,2022-06-19 18:25:34,68.75,161.3,55.18,58,99,13.18
316,Paterson,US,2022-06-19 18:25:34,40.9168,-74.1718,74.61,36,0,17.27
317,Neiafu,TO,2022-06-19 18:25:34,-18.65,-173.9833,79.48,83,75,9.22
318,Ewa Beach,US,2022-06-19 18:25:35,21.3156,-158.0072,80.6,61,20,10.36
319,Lompoc,US,2022-06-19 18:26:35,34.6391,-120.4579,79.02,64,0,13.8
320,Hasaki,JP,2022-06-19 18:26:35,35.7333,140.8333,68.4,89,100,10.63
321,Esna,EG,2022-06-19 18:26:36,25.2934,32.554,93.04,10,3,12.48
322,Agadez,NE,2022-06-19 18:26:36,19.75,10.25,94.62,12,2,5.03
323,Baykit,RU,2022-06-19 18:26:36,61.67,96.37,58.3,89,100,4.05
324,Kodiak,US,2022-06-19 18:25:50,57.79,-152.4072,51.31,87,100,6.91
325,Araouane,ML,2022-06-19 18:26:37,18.9048,-3.5265,98.13,25,83,4.56
326,Lakatoro,VU,2022-06-19 18:26:37,-16.0999,167.4164,76.91,81,29,6.04
327,Anshun,CN,2022-06-19 18:26:37,26.25,105.9333,66.43,97,100,2.95
328,Sarahan,IN,2022-06-19 18:26:38,31.5167,77.8,55.71,70,50,6.51
329,Myitkyina,MM,2022-06-19 18:26:38,25.3833,97.4,73.26,99,100,1.54
330,Itaituba,BR,2022-06-19 18:22:06,-4.2761,-55.9836,95.16,49,40,8.05
331,Souillac,MU,2022-06-19 18:26:38,-20.5167,57.5167,71.98,68,40,6.91
332,Mayo,US,2022-06-19 18:26:39,38.8876,-76.5119,77.67,41,0,8.01
333,Bambanglipuro,ID,2022-06-19 18:26:39,-7.95,110.2833,77.07,88,100,7.96
334,Kenai,US,2022-06-19 18:26:39,60.5544,-151.2583,55.02,89,100,0.0
335,Baracoa,CU,2022-06-19 18:26:40,20.3467,-74.4958,84.65,67,100,5.35
336,Hofn,IS,2022-06-19 18:26:40,64.2539,-15.2082,59.41,77,83,8.7
337,Erenhot,CN,2022-06-19 18:26:40,43.6475,111.9767,76.84,39,88,9.75
338,Bay City,US,2022-06-19 18:25:17,43.5945,-83.8889,77.0,38,0,6.91
339,Kousseri,CM,2022-06-19 18:26:41,12.0769,15.0306,95.99,28,62,6.82
340,Dharchula,IN,2022-06-19 18:26:41,29.85,80.5333,70.83,63,86,3.56
341,Koygorodok,RU,2022-06-19 18:26:42,60.445,50.9968,51.98,90,82,1.83
342,Sitka,US,2022-06-19 18:26:42,57.0531,-135.33,53.49,76,100,0.0
343,La Ronge,CA,2022-06-19 18:26:43,55.1001,-105.2842,68.25,64,100,3.44
344,Smirnykh,RU,2022-06-19 18:26:43,49.75,142.8333,50.27,97,100,0.51
345,Saint-Pierre,RE,2022-06-19 18:26:44,-21.3393,55.4781,71.28,64,75,11.5
346,Port Blair,IN,2022-06-19 18:26:44,11.6667,92.75,80.64,89,40,2.3
347,Narsaq,GL,2022-06-19 18:26:45,60.9167,-46.05,52.02,98,100,4.74
348,North Branch,US,2022-06-19 18:26:45,45.5113,-92.9802,90.07,62,60,4.0
349,Norman Wells,CA,2022-06-19 18:26:45,65.282,-126.8329,71.64,46,20,8.05
350,Safford,US,2022-06-19 18:26:45,32.834,-109.7076,88.72,37,0,11.5
351,Stjordalshalsen,NO,2022-06-19 18:26:46,63.4681,10.9262,59.0,58,40,6.91
352,Yumen,CN,2022-06-19 18:26:46,40.2833,97.2,74.75,25,100,9.89
353,Luganville,VU,2022-06-19 18:26:46,-15.5333,167.1667,74.71,86,19,3.44
354,Khandyga,RU,2022-06-19 18:26:47,62.6667,135.6,61.14,67,94,4.16
355,Westport,US,2022-06-19 18:23:00,41.1415,-73.3579,73.85,36,0,19.57
356,Faya,SA,2022-06-19 18:26:47,18.3851,42.4509,75.31,49,79,4.18
357,Mankera,PK,2022-06-19 18:26:47,31.3866,71.4407,93.2,39,0,6.69
358,Sola,VU,2022-06-19 18:26:48,-13.8833,167.55,74.07,100,75,0.0
359,Manyana,BW,2022-06-19 18:26:48,-23.4,21.7167,62.35,30,0,10.36
360,Haines Junction,CA,2022-06-19 18:26:48,60.7522,-137.5108,57.15,51,91,9.22
361,Kokopo,PG,2022-06-19 18:26:49,-4.352,152.2633,75.16,85,4,3.8
362,Muisne,EC,2022-06-19 18:26:49,0.6,-80.0333,76.69,82,96,9.8
363,Icod De Los Vinos,ES,2022-06-19 18:26:49,28.3724,-16.7119,76.66,71,11,10.2
364,Narrabri,AU,2022-06-19 18:26:50,-30.3167,149.7833,51.53,84,99,1.99
365,Penzance,GB,2022-06-19 18:27:50,50.1186,-5.5371,56.08,89,100,22.66
366,Buala,SB,2022-06-19 18:27:51,-8.145,159.5921,78.75,83,15,4.43
367,Camacha,PT,2022-06-19 18:27:51,33.0833,-16.3333,67.42,68,40,16.11
368,Kjollefjord,NO,2022-06-19 18:27:51,70.9457,27.3465,42.85,87,75,6.91
369,Kimbe,PG,2022-06-19 18:27:52,-5.5502,150.1429,74.3,92,10,3.49
370,Veseloyarsk,RU,2022-06-19 18:27:52,51.2836,81.1056,59.2,85,46,6.15
371,Garden City,US,2022-06-19 18:27:48,42.3256,-83.331,79.05,33,40,5.75
372,Mbandaka,CD,2022-06-19 18:27:52,0.0487,18.2603,72.37,81,100,2.62
373,Omboue,GA,2022-06-19 18:27:53,-1.5746,9.2618,72.86,85,28,8.1
374,San Quintin,MX,2022-06-19 18:27:53,30.4833,-115.95,69.42,58,0,14.92
375,Itoman,JP,2022-06-19 18:27:53,26.1247,127.6694,80.98,94,94,10.36
376,Maxixe,MZ,2022-06-19 18:27:54,-23.8597,35.3472,67.82,83,20,4.61
377,Katsuura,JP,2022-06-19 18:27:54,35.1333,140.3,71.64,94,100,16.64
378,Yinchuan,CN,2022-06-19 18:25:46,38.4681,106.2731,80.78,42,92,15.61
379,Inyonga,TZ,2022-06-19 18:27:55,-6.7167,32.0667,66.9,48,76,5.06
380,Iqaluit,CA,2022-06-19 18:27:55,63.7506,-68.5145,56.93,41,75,9.22
381,Chernyshevskiy,RU,2022-06-19 18:27:56,63.0128,112.4714,53.13,65,99,14.76
382,Reserva,BR,2022-06-19 18:27:56,-24.6503,-50.8506,62.24,58,24,4.29
383,Provideniya,RU,2022-06-19 18:27:56,64.3833,-173.3,51.24,62,9,6.46
384,Lokosovo,RU,2022-06-19 18:27:57,61.1333,74.8167,63.16,54,41,4.81
385,Raymore,US,2022-06-19 18:25:03,38.8019,-94.4527,90.14,62,0,8.05
386,Snezhnogorsk,RU,2022-06-19 18:27:57,69.1933,33.2531,44.38,91,100,9.26
387,Port Hedland,AU,2022-06-19 18:27:57,-20.3167,118.5667,66.25,82,0,6.91
388,Severo-Kurilsk,RU,2022-06-19 18:27:58,50.6789,156.125,46.6,98,98,1.99
389,Grand Gaube,MU,2022-06-19 18:27:58,-20.0064,57.6608,72.0,69,10,1.99
390,Bereda,ES,2022-06-19 18:27:59,43.2686,-7.5406,57.15,99,100,3.42
391,Velsk,RU,2022-06-19 18:27:59,61.0701,42.0983,53.6,94,100,3.27
392,Andros Town,BS,2022-06-19 18:28:00,24.7,-77.7667,91.36,64,70,11.61
393,Puerto Madryn,AR,2022-06-19 18:28:00,-42.7692,-65.0385,44.82,48,3,8.86
394,Havre-Saint-Pierre,CA,2022-06-19 18:28:00,50.2334,-63.5986,46.76,93,100,17.27
395,Vawkavysk,BY,2022-06-19 18:28:01,53.1561,24.4513,73.78,70,28,13.56
396,Najran,SA,2022-06-19 18:28:01,17.4924,44.1277,92.05,11,40,3.15
397,Hualmay,PE,2022-06-19 18:28:01,-11.0964,-77.6139,68.11,65,12,12.21
398,Green River,US,2022-06-19 18:28:02,41.5286,-109.4662,70.84,27,66,28.57
399,Padang,ID,2022-06-19 18:28:02,-0.9492,100.3543,77.27,84,100,4.27
400,Sao Filipe,CV,2022-06-19 18:28:03,14.8961,-24.4956,74.05,91,78,7.07
401,Yulara,AU,2022-06-19 18:28:03,-25.2406,130.9889,57.79,36,83,1.68
402,Peleduy,RU,2022-06-19 18:28:04,59.6289,112.7406,58.75,95,99,6.67
403,Cajati,BR,2022-06-19 18:28:04,-24.7361,-48.1228,62.73,80,100,1.48
404,Taltal,CL,2022-06-19 18:28:05,-25.4,-70.4833,63.88,64,1,6.85
405,Beloha,MG,2022-06-19 18:28:05,-25.1667,45.05,64.63,76,8,13.38
406,Isiro,CD,2022-06-19 18:28:06,2.7739,27.616,66.72,90,100,2.15
407,Moron,AR,2022-06-19 18:28:06,-34.6534,-58.6198,63.0,34,73,8.59
408,Vestmannaeyjar,IS,2022-06-19 18:29:07,63.4427,-20.2734,50.99,100,100,18.41
409,Ancud,CL,2022-06-19 18:29:07,-41.8697,-73.8203,47.23,82,74,4.81
410,Oussouye,SN,2022-06-19 18:29:07,12.485,-16.5469,77.43,81,100,11.32
411,Behbahan,IR,2022-06-19 18:29:08,30.5959,50.2417,96.37,13,0,2.1
412,Shiyan,CN,2022-06-19 18:29:08,32.6475,110.7781,72.95,94,53,1.99
413,Kazachinskoye,RU,2022-06-19 18:29:09,57.6953,93.2761,55.83,97,55,2.66
414,Luderitz,NA,2022-06-19 18:29:10,-26.6481,15.1594,58.21,64,4,18.12
415,Ponta Delgada,PT,2022-06-19 18:29:10,37.7333,-25.6667,66.92,72,40,18.41
416,Grindavik,IS,2022-06-19 18:29:11,63.8424,-22.4338,51.75,100,100,21.85
417,Gotha,DE,2022-06-19 18:25:28,50.9482,10.7019,79.52,60,0,11.5
418,Finschhafen,PG,2022-06-19 18:29:11,-6.6024,147.8681,78.08,81,1,5.66
419,Codrington,AU,2022-06-19 18:29:12,-38.2667,141.9667,52.72,66,100,17.83
420,Koslan,RU,2022-06-19 18:29:12,63.4564,48.8989,52.16,63,71,4.25
421,Tahoua,NE,2022-06-19 18:29:12,14.8888,5.2692,98.58,30,0,2.3
422,Shwebo,MM,2022-06-19 18:29:13,22.5667,95.7,78.85,73,100,13.11
423,Port Lincoln,AU,2022-06-19 18:29:14,-34.7333,135.8667,57.49,73,76,16.69
424,Karad,IN,2022-06-19 18:29:14,17.2833,74.2,75.67,73,88,9.84
425,Galeana,MX,2022-06-19 18:29:15,24.8333,-100.0667,75.51,44,9,11.16
426,Sakhon Nakhon,TH,2022-06-19 18:29:15,17.1612,104.1472,77.36,83,85,3.85
427,Sibolga,ID,2022-06-19 18:29:16,1.7427,98.7792,76.66,85,99,3.22
428,Verkhoyansk,RU,2022-06-19 18:29:16,67.5447,133.385,47.21,64,36,6.76
429,Matagami,CA,2022-06-19 18:29:17,49.7502,-77.6328,62.71,36,0,11.5
430,Inhambane,MZ,2022-06-19 18:29:17,-23.865,35.3833,67.98,83,20,4.61
431,Hami,CN,2022-06-19 18:29:17,42.8,93.45,83.01,17,100,17.16
432,Ekhabi,RU,2022-06-19 18:29:18,53.5102,142.9671,46.47,87,94,5.61
433,Manaus,BR,2022-06-19 18:29:19,-3.1019,-60.025,86.5,74,75,8.05
434,Keetmanshoop,NA,2022-06-19 18:29:19,-26.5833,18.1333,56.01,46,1,15.5
435,Samarai,PG,2022-06-19 18:29:20,-10.6167,150.6667,80.11,81,37,10.63
436,Ternate,ID,2022-06-19 18:29:20,0.8,127.4,79.07,78,56,1.61
437,Hauterive,FR,2022-06-19 18:29:21,46.0901,3.4459,90.36,27,1,13.31
438,Wewak,PG,2022-06-19 18:29:21,-3.5534,143.6268,79.25,81,21,4.27
439,Kletskaya,RU,2022-06-19 18:29:21,49.3145,43.0584,70.2,58,34,3.6
440,Marawi,PH,2022-06-19 18:29:22,7.9986,124.2928,68.45,93,65,2.01
441,Sao Sebastiao,BR,2022-06-19 18:29:22,-23.76,-45.4097,65.08,84,92,6.64
442,Karaton,ID,2022-06-19 18:29:22,-6.3424,106.1045,73.38,91,98,0.81
443,Coromandel,BR,2022-06-19 18:29:23,-18.4733,-47.2003,81.41,35,8,5.46
444,Casablanca,MA,2022-06-19 18:25:58,33.5928,-7.6192,77.22,69,40,6.91
445,Warrensburg,US,2022-06-19 18:29:23,38.7628,-93.7361,87.26,52,0,10.36
446,Datong,CN,2022-06-19 18:29:24,40.0936,113.2914,72.91,52,52,7.4
447,Kilrush,IE,2022-06-19 18:29:24,52.6397,-9.4833,58.75,68,59,18.66
448,Mchinji,MW,2022-06-19 18:29:24,-13.7984,32.8802,58.1,58,4,3.78
449,Mehamn,NO,2022-06-19 18:29:25,71.0357,27.8492,42.75,87,75,6.91
450,Porto Novo,BJ,2022-06-19 18:29:25,6.4965,2.6036,80.42,83,90,8.32
451,Surgut,RU,2022-06-19 18:29:26,61.25,73.4167,64.58,63,0,4.47
452,Vao,NC,2022-06-19 18:29:26,-22.6667,167.4833,70.52,60,38,19.01
453,Skofja Loka,SI,2022-06-19 18:29:27,46.1655,14.3063,80.85,58,20,10.36
454,Palauig,PH,2022-06-19 18:29:27,15.435,119.9045,82.04,77,53,3.58
455,Bathsheba,BB,2022-06-19 18:29:27,13.2167,-59.5167,86.61,62,20,20.71
456,Brigantine,US,2022-06-19 18:30:28,39.4101,-74.3646,73.2,42,1,16.96
457,Sao Tome,ST,2022-06-19 18:25:53,0.3365,6.7273,75.94,82,88,9.1
458,Fene,ES,2022-06-19 18:25:46,43.45,-8.15,56.73,91,100,11.1
459,Kulhudhuffushi,MV,2022-06-19 18:30:28,6.6221,73.07,82.67,75,100,13.11
460,Gaya,IN,2022-06-19 18:29:15,24.7833,85.0,89.58,51,33,10.8
461,Saint-Joseph,RE,2022-06-19 18:30:29,-21.3667,55.6167,70.18,73,39,10.69
462,Labuhan,ID,2022-06-19 18:30:29,-6.8844,112.2051,76.87,88,100,5.68
463,Manta,EC,2022-06-19 18:28:50,-0.95,-80.7333,78.58,73,20,6.91
464,Bontang,ID,2022-06-19 18:30:30,0.1333,117.5,76.82,87,100,4.07
465,Mount Isa,AU,2022-06-19 18:30:30,-20.7333,139.5,53.37,58,100,8.05
466,Tautira,PF,2022-06-19 18:30:30,-17.7333,-149.15,78.12,71,27,17.38
467,Deputatskiy,RU,2022-06-19 18:30:31,69.3,139.9,36.77,81,46,21.81
468,Saint-Augustin,CA,2022-06-19 18:30:31,51.226,-58.6502,46.35,95,100,19.44
469,Ostrovnoy,RU,2022-06-19 18:30:31,68.0531,39.5131,39.67,97,100,10.38
470,Grootfontein,NA,2022-06-19 18:30:32,-19.5667,18.1167,62.17,39,5,3.44
471,Capinzal,BR,2022-06-19 18:26:44,-27.3436,-51.6119,65.68,53,99,1.14
472,Impfondo,CG,2022-06-19 18:30:32,1.6381,18.0667,70.5,91,98,1.1
473,Mwinilunga,ZM,2022-06-19 18:30:33,-11.7358,24.4293,59.0,46,11,2.35
474,Snasa,NO,2022-06-19 18:30:33,64.2457,12.3778,56.61,68,12,4.79
475,Wyndham,US,2022-06-19 18:30:34,37.6985,-77.6125,79.21,34,0,11.01
476,Copala,MX,2022-06-19 18:30:34,16.65,-98.9833,83.84,71,81,7.76
477,Clyde River,CA,2022-06-19 18:30:35,70.4692,-68.5914,39.43,75,20,28.77
478,Kumluca,TR,2022-06-19 18:30:35,36.3703,30.2869,77.95,73,0,0.87
479,Arroyo,ES,2022-06-19 18:30:35,41.6096,-4.7969,73.6,49,0,14.97
480,Hokitika,NZ,2022-06-19 18:30:36,-42.7167,170.9667,43.56,73,0,6.55
481,Shingu,JP,2022-06-19 18:30:36,33.7333,135.9833,70.88,92,100,4.59
482,Karratha,AU,2022-06-19 18:30:37,-20.7377,116.8463,70.86,48,0,14.18
483,Porto Belo,BR,2022-06-19 18:30:37,-27.1578,-48.5531,69.1,71,59,10.09
484,Key West,US,2022-06-19 18:30:04,24.5557,-81.7826,91.4,65,0,9.22
485,Sembakung,ID,2022-06-19 18:30:37,3.8167,117.25,71.82,98,77,2.33
486,Hirara,JP,2022-06-19 18:30:38,24.8,125.2833,82.13,86,63,14.56
487,Lake Wales,US,2022-06-19 18:28:11,27.9014,-81.5859,94.91,58,20,5.75
488,Mandera,KE,2022-06-19 18:30:38,3.9366,41.867,81.43,45,60,11.34
489,Hobyo,SO,2022-06-19 18:30:38,5.3505,48.5268,78.46,81,14,27.76
490,Znamenskoye,RU,2022-06-19 18:30:39,57.1281,73.8282,62.35,86,63,2.59
491,Turukhansk,RU,2022-06-19 18:30:39,65.8167,87.9833,58.23,50,7,6.04
492,Pennagaram,IN,2022-06-19 18:30:40,12.1333,77.9,77.23,77,100,3.76
493,Vila Franca Do Campo,PT,2022-06-19 18:30:40,37.7167,-25.4333,66.61,77,54,14.61
494,Los Llanos De Aridane,ES,2022-06-19 18:30:40,28.6585,-17.9182,70.12,89,75,18.41
495,Koungou,YT,2022-06-19 18:30:41,-12.7336,45.2042,76.71,83,0,8.05
496,Marsa Matruh,EG,2022-06-19 18:30:41,31.3525,27.2453,74.16,76,0,7.31
497,Grafton,US,2022-06-19 18:30:41,42.207,-71.6856,67.28,41,100,16.11
498,Kardla,EE,2022-06-19 18:30:42,58.9978,22.7492,60.06,73,77,13.09
499,Karoi,ZW,2022-06-19 18:30:42,-16.8099,29.6925,55.67,55,0,5.23
500,Kribi,CM,2022-06-19 18:31:42,2.95,9.9167,75.78,89,100,8.55
501,Axim,GH,2022-06-19 18:31:43,4.8699,-2.2405,76.46,85,88,4.76
502,Requena,ES,2022-06-19 18:31:43,39.4883,-1.1004,75.79,41,6,2.62
503,Sorland,NO,2022-06-19 18:31:43,67.667,12.6934,53.46,83,97,8.7
504,Tarabha,IN,2022-06-19 18:31:43,20.7333,83.65,81.55,75,100,2.44
505,Neuquen,AR,2022-06-19 18:31:44,-38.9516,-68.0591,58.8,35,99,6.67
506,Copperas Cove,US,2022-06-19 18:27:14,31.1241,-97.9031,96.57,36,20,12.66
507,Freeport,US,2022-06-19 18:31:44,40.6576,-73.5832,75.18,33,0,24.16
508,Zyryanovsk,KZ,2022-06-19 18:31:45,49.7386,84.2719,54.55,90,100,3.42
509,Sao Joao Da Barra,BR,2022-06-19 18:31:45,-21.6403,-41.0511,73.49,70,96,12.12
510,Yarmouth,US,2022-06-19 18:31:45,41.7057,-70.2286,61.27,74,100,13.8
511,Puerto Colombia,CO,2022-06-19 18:31:46,10.9878,-74.9547,77.09,79,73,8.59
512,Stabat,ID,2022-06-19 18:31:46,3.761,98.4513,77.2,95,100,2.33
513,Magelang,ID,2022-06-19 18:31:46,-7.4706,110.2178,72.75,99,100,1.39
514,Newport Beach,US,2022-06-19 18:28:55,33.6189,-117.9289,81.16,52,0,5.75
515,Miri,MY,2022-06-19 18:31:47,4.4148,114.0089,77.14,100,40,1.14
516,Faanui,PF,2022-06-19 18:31:47,-16.4833,-151.75,79.7,74,7,23.35
517,Klyuchi,RU,2022-06-19 18:31:47,52.2667,79.1667,61.66,82,1,4.0
518,Kamenka,RU,2022-06-19 18:31:48,51.3223,42.7678,61.88,86,100,9.31
519,Along,IN,2022-06-19 18:31:48,28.1667,94.7667,71.78,99,100,1.5
520,Dawei,MM,2022-06-19 18:31:48,14.0833,98.2,76.95,88,100,1.52
521,Sao Jose Da Coroa Grande,BR,2022-06-19 18:31:49,-8.8978,-35.1478,79.29,76,16,6.42
522,Murray Bridge,AU,2022-06-19 18:30:26,-35.1167,139.2667,58.12,65,100,12.19
523,Berezniki,RU,2022-06-19 18:31:49,59.4152,56.8124,56.55,77,83,2.75
524,Kemise,ET,2022-06-19 18:31:49,10.7167,39.8667,71.78,58,100,2.71
525,San Andres,CO,2022-06-19 18:31:50,12.5847,-81.7006,87.82,70,75,9.22
526,Zhigansk,RU,2022-06-19 18:31:50,66.7697,123.3711,43.16,67,73,17.98
527,Orkney,ZA,2022-06-19 18:31:50,-26.9802,26.6727,57.7,33,0,7.38
528,Saint George,US,2022-06-19 18:31:01,37.1041,-113.5841,80.64,10,0,20.71
529,Rawson,AR,2022-06-19 18:31:51,-43.3002,-65.1023,44.56,47,2,10.22
530,Jurm,AF,2022-06-19 18:31:51,36.8648,70.8342,61.9,62,86,2.35
531,Bintulu,MY,2022-06-19 18:31:51,3.1667,113.0333,75.61,94,20,2.3
532,Petropavl,KZ,2022-06-19 18:31:52,54.8753,69.1628,64.29,80,100,1.88
533,Nizhniy Baskunchak,RU,2022-06-19 18:31:52,48.2198,46.8311,74.12,41,17,6.98
534,Muros,ES,2022-06-19 18:31:52,42.7762,-9.0603,61.09,74,100,11.79
535,Olafsvik,IS,2022-06-19 18:31:53,64.8945,-23.7142,49.5,97,100,15.08
536,Rio Grande City,US,2022-06-19 18:31:53,26.3798,-98.8203,96.87,29,3,12.55
537,Yashkino,RU,2022-06-19 18:31:53,55.8736,85.4265,53.58,94,35,1.28
538,Alice Springs,AU,2022-06-19 18:30:16,-23.7,133.8833,47.75,76,98,4.61
539,Managua,NI,2022-06-19 18:31:54,12.1328,-86.2504,81.84,78,75,9.22
540,Paranhos,BR,2022-06-19 18:31:54,-23.8928,-55.4311,56.91,69,100,5.03
541,Loandjili,CG,2022-06-19 18:31:54,-4.7561,11.8578,72.39,81,84,10.45
542,Mattru,SL,2022-06-19 18:31:55,7.6244,-11.8332,76.82,78,51,4.99
543,Khuzdar,PK,2022-06-19 18:31:55,27.7384,66.6434,84.96,10,0,7.54
544,Palmer,US,2022-06-19 18:28:10,42.1584,-72.3287,72.25,37,40,19.57
545,Ahipara,NZ,2022-06-19 18:32:55,-35.1667,173.1667,55.67,87,100,15.28
